<?xml version="1.0" encoding="UTF-8"?>
<project version="4">
  <component name="AutoImportSettings">
    <option name="autoReloadType" value="SELECTIVE" />
  </component>
  <component name="ChangeListManager">
    <list default="true" id="579f7fe5-c013-4a89-b074-ed8258412b32" name="Changes" comment="" />
    <option name="SHOW_DIALOG" value="false" />
    <option name="HIGHLIGHT_CONFLICTS" value="true" />
    <option name="HIGHLIGHT_NON_ACTIVE_CHANGELIST" value="false" />
    <option name="LAST_RESOLUTION" value="IGNORE" />
  </component>
  <component name="ProjectColorInfo"><![CDATA[{
  "associatedIndex": 6
}]]></component>
  <component name="ProjectId" id="2hr0cFWQeh7nIp2WcxTJdlQqCnU" />
  <component name="ProjectViewState">
    <option name="hideEmptyMiddlePackages" value="true" />
    <option name="showLibraryContents" value="true" />
  </component>
  <component name="PropertiesComponent"><![CDATA[{
  "keyToString": {
    "RequestMappingsPanelOrder0": "0",
    "RequestMappingsPanelOrder1": "1",
    "RequestMappingsPanelWidth0": "75",
    "RequestMappingsPanelWidth1": "75",
    "RunOnceActivity.ShowReadmeOnStart": "true",
    "Spring Boot.AgendaApplication.executor": "Run",
    "ignore.virus.scanning.warn.message": "true",
    "kotlin-language-version-configured": "true",
    "last_opened_file_path": "C:/Users/user/OneDrive/Área de Trabalho/POO 2/PROFESSOR",
    "nodejs_package_manager_path": "npm",
    "vue.rearranger.settings.migration": "true"
  }
}]]></component>
  <component name="RunManager">
    <configuration name="AgendaApplication" type="SpringBootApplicationConfigurationType" factoryName="Spring Boot" nameIsGenerated="true">
      <option name="FRAME_DEACTIVATION_UPDATE_POLICY" value="UpdateClassesAndResources" />
      <module name="agenda" />
      <option name="SPRING_BOOT_MAIN_CLASS" value="com.leandersonandre.agenda.AgendaApplication" />
      <method v="2">
        <option name="Make" enabled="true" />
      </method>
    </configuration>
  </component>
  <component name="SharedIndexes">
    <attachedChunks>
      <set>
        <option value="bundled-jdk-9f38398b9061-39b83d9b5494-intellij.indexing.shared.core-IU-241.17890.1" />
        <option value="bundled-js-predefined-1d06a55b98c1-0b3e54e931b4-JavaScript-IU-241.17890.1" />
      </set>
    </attachedChunks>
  </component>
  <component name="SpellCheckerSettings" RuntimeDictionaries="0" Folders="0" CustomDictionaries="0" DefaultDictionary="application-level" UseSingleDictionary="true" transferred="true" />
  <component name="TaskManager">
    <task active="true" id="Default" summary="Default task">
      <changelist id="579f7fe5-c013-4a89-b074-ed8258412b32" name="Changes" comment="" />
      <created>1718336965985</created>
      <option name="number" value="Default" />
      <option name="presentableId" value="Default" />
      <updated>1718336965985</updated>
      <workItem from="1718336966886" duration="155000" />
    </task>
    <servers />
  </component>
  <component name="TypeScriptGeneratedFilesManager">
    <option name="version" value="3" />
  </component>
</project>